location,timestamp,percent_full
trashcan1,2025-03-03 21:28:15,0
trashcan1,2025-03-03 21:28:28,0
trashcan1,2025-03-03 21:28:41,0
trashcan1,2025-03-03 21:28:55,0
trashcan1,2025-03-03 21:29:08,0
trashcan1,2025-03-03 21:29:21,0
trashcan1,2025-03-03 21:29:35,0
trashcan1,2025-03-03 21:29:48,0
trashcan1,2025-03-03 21:30:01,0
trashcan1,2025-03-03 21:30:15,0
trashcan1,2025-03-03 21:30:28,0
trashcan1,2025-03-03 21:30:41,0
trashcan1,2025-03-03 21:30:54,0
trashcan1,2025-03-03 21:31:08,0
trashcan1,2025-03-03 21:31:21,0
trashcan1,2025-03-03 21:31:34,0
trashcan1,2025-03-03 21:31:48,0
trashcan1,2025-03-03 21:32:01,0
trashcan1,2025-03-03 21:32:14,0
trashcan1,2025-03-03 21:32:28,0
trashcan1,2025-03-03 21:32:41,0
trashcan1,2025-03-03 21:32:54,0
trashcan1,2025-03-03 21:33:07,0
trashcan1,2025-03-03 21:33:21,0
trashcan1,2025-03-03 21:33:34,0
trashcan1,2025-03-03 21:33:47,0
trashcan1,2025-03-03 21:34:01,0
trashcan1,2025-03-03 21:34:14,0
trashcan1,2025-03-03 21:34:27,0
trashcan1,2025-03-03 21:34:41,0
trashcan1,2025-03-03 21:34:54,1
trashcan1,2025-03-03 21:35:07,0
trashcan1,2025-03-03 21:35:21,0
trashcan1,2025-03-03 21:35:34,0
trashcan1,2025-03-03 21:35:47,0
trashcan1,2025-03-03 21:36:00,0
trashcan1,2025-03-03 21:36:14,0
trashcan1,2025-03-03 21:36:27,0
trashcan1,2025-03-03 21:36:40,0
trashcan1,2025-03-03 21:36:54,0
trashcan1,2025-03-03 21:37:07,0
trashcan1,2025-03-03 21:37:20,0
trashcan1,2025-03-03 21:37:34,0
trashcan1,2025-03-03 21:37:47,0
trashcan1,2025-03-03 21:38:00,0
trashcan1,2025-03-03 21:38:13,0
trashcan1,2025-03-03 21:38:27,0
trashcan1,2025-03-03 21:38:40,0
trashcan1,2025-03-03 21:38:53,0
trashcan1,2025-03-03 21:39:07,0
trashcan1,2025-03-03 21:39:20,0
trashcan1,2025-03-03 21:39:33,0
trashcan1,2025-03-03 21:39:47,0
trashcan1,2025-03-03 21:40:00,0
trashcan1,2025-03-03 21:40:13,0
trashcan1,2025-03-03 21:40:27,0
trashcan1,2025-03-03 21:40:40,0
trashcan1,2025-03-03 21:40:53,0
trashcan1,2025-03-03 21:41:06,0
trashcan1,2025-03-03 21:41:20,0
trashcan1,2025-03-03 21:41:33,0
trashcan1,2025-03-03 21:41:46,0
trashcan1,2025-03-03 21:42:00,0
trashcan1,2025-03-03 21:42:13,0
trashcan1,2025-03-03 21:42:26,0
trashcan1,2025-03-03 21:42:40,0
trashcan1,2025-03-03 21:42:53,0
trashcan1,2025-03-03 21:43:06,0
trashcan1,2025-03-03 21:43:20,0
trashcan1,2025-03-03 21:43:33,0
trashcan1,2025-03-03 21:43:46,0
trashcan1,2025-03-03 21:43:59,0
trashcan1,2025-03-03 21:44:13,0
trashcan1,2025-03-03 21:44:26,0
trashcan1,2025-03-03 21:44:39,0
trashcan1,2025-03-03 21:44:53,0
trashcan1,2025-03-03 21:45:06,0
trashcan1,2025-03-03 21:45:19,0
trashcan1,2025-03-03 21:45:33,0
trashcan1,2025-03-03 21:45:46,0
trashcan1,2025-03-03 21:45:59,0
trashcan1,2025-03-03 21:46:12,0
trashcan1,2025-03-03 21:46:26,0
trashcan1,2025-03-03 21:46:39,0
trashcan1,2025-03-03 21:46:52,0
trashcan1,2025-03-03 21:47:06,0
trashcan1,2025-03-03 21:47:19,0
trashcan1,2025-03-03 21:47:32,0
trashcan1,2025-03-03 21:47:46,0
trashcan1,2025-03-03 21:47:59,0
trashcan1,2025-03-03 21:48:12,0
trashcan1,2025-03-03 21:48:26,0
trashcan1,2025-03-03 21:48:39,0
trashcan1,2025-03-03 21:48:52,0
trashcan1,2025-03-03 21:49:05,0
trashcan1,2025-03-03 21:49:19,0
trashcan1,2025-03-03 21:49:32,0
trashcan1,2025-03-03 21:49:45,0
trashcan1,2025-03-03 21:49:59,0
trashcan1,2025-03-03 21:50:12,0
trashcan1,2025-03-03 21:50:25,0
trashcan1,2025-03-03 21:50:39,0
trashcan1,2025-03-03 21:50:52,0
trashcan1,2025-03-03 21:51:05,0
trashcan1,2025-03-03 21:51:18,0
trashcan1,2025-03-03 21:51:32,0
trashcan1,2025-03-03 21:51:45,0
trashcan1,2025-03-03 21:51:58,0
trashcan1,2025-03-03 21:52:12,0
trashcan1,2025-03-03 21:52:25,0
trashcan1,2025-03-03 21:52:38,0
trashcan1,2025-03-03 21:52:52,0
trashcan1,2025-03-03 21:53:05,0
trashcan1,2025-03-03 21:53:18,0
trashcan1,2025-03-03 21:53:31,0
trashcan1,2025-03-03 21:53:45,0
trashcan1,2025-03-03 21:53:58,0
trashcan1,2025-03-03 21:54:11,0
trashcan1,2025-03-03 21:54:25,0
trashcan1,2025-03-03 21:54:38,0
trashcan1,2025-03-03 21:54:51,0
trashcan1,2025-03-03 21:55:05,0
trashcan1,2025-03-03 21:55:18,0
trashcan1,2025-03-03 21:55:31,0
trashcan1,2025-03-03 21:55:45,0
trashcan1,2025-03-03 21:55:58,0
trashcan1,2025-03-03 21:56:11,0
trashcan1,2025-03-03 21:56:24,0
trashcan1,2025-03-03 21:56:38,0
trashcan1,2025-03-03 21:56:51,0
trashcan1,2025-03-03 21:57:04,0
trashcan1,2025-03-03 21:57:18,0
trashcan1,2025-03-03 21:57:31,0
trashcan1,2025-03-03 21:57:44,0
trashcan1,2025-03-03 21:57:58,0
trashcan1,2025-03-03 21:58:11,0
trashcan1,2025-03-03 21:58:24,0
trashcan1,2025-03-03 21:58:38,0
trashcan1,2025-03-03 21:58:51,0
trashcan1,2025-03-03 21:59:04,0
trashcan1,2025-03-03 21:59:17,0
trashcan1,2025-03-03 21:59:31,0
trashcan1,2025-03-03 21:59:44,0
trashcan1,2025-03-03 21:59:57,0
trashcan1,2025-03-03 22:00:11,0
trashcan1,2025-03-03 22:00:24,0
trashcan1,2025-03-03 22:00:37,0
trashcan1,2025-03-03 22:00:51,0
trashcan1,2025-03-03 22:01:04,0
trashcan1,2025-03-03 22:01:17,0
trashcan1,2025-03-03 22:01:30,0
trashcan1,2025-03-03 22:01:44,0
trashcan1,2025-03-03 22:01:57,0
trashcan1,2025-03-03 22:02:10,0
trashcan1,2025-03-03 22:02:24,0
trashcan1,2025-03-03 22:02:37,0
trashcan1,2025-03-03 22:02:50,0
trashcan1,2025-03-03 22:03:04,0
trashcan1,2025-03-03 22:03:17,0
trashcan1,2025-03-03 22:03:30,0
trashcan1,2025-03-03 22:03:44,0
trashcan1,2025-03-03 22:03:57,0
trashcan1,2025-03-03 22:04:10,0
trashcan1,2025-03-03 22:04:23,0
trashcan1,2025-03-03 22:04:37,0
trashcan1,2025-03-03 22:04:50,0
trashcan1,2025-03-03 22:05:03,0
trashcan1,2025-03-03 22:05:17,0
trashcan1,2025-03-03 22:05:30,0
trashcan1,2025-03-03 22:05:43,100
trashcan1,2025-03-03 22:06:01,100
trashcan1,2025-03-03 22:06:18,100
trashcan1,2025-03-03 22:06:35,25
trashcan1,2025-03-03 22:06:48,24
trashcan1,2025-03-03 22:07:02,26
trashcan1,2025-03-03 22:07:15,24
trashcan1,2025-03-03 22:07:28,25
trashcan1,2025-03-03 22:07:42,24
trashcan1,2025-03-03 22:07:55,39
trashcan1,2025-03-03 22:08:08,39
trashcan1,2025-03-03 22:08:22,39
trashcan1,2025-03-03 22:08:35,39
trashcan1,2025-03-03 22:08:48,39
trashcan1,2025-03-03 22:09:02,39
trashcan1,2025-03-03 22:09:15,39
trashcan1,2025-03-03 22:09:28,39
trashcan1,2025-03-03 22:09:42,39
trashcan1,2025-03-03 22:09:55,38
trashcan1,2025-03-03 22:10:08,39
trashcan1,2025-03-03 22:10:22,39
trashcan1,2025-03-03 22:10:35,40
trashcan1,2025-03-03 22:10:48,39
trashcan1,2025-03-03 22:11:02,39
trashcan1,2025-03-03 22:11:15,39
trashcan1,2025-03-03 22:11:29,39
trashcan1,2025-03-03 22:11:42,39
trashcan1,2025-03-03 22:11:55,40
trashcan1,2025-03-03 22:12:09,39
trashcan1,2025-03-03 22:12:22,39
trashcan1,2025-03-03 22:12:35,39
trashcan1,2025-03-03 22:12:49,39
trashcan1,2025-03-03 22:13:02,38
trashcan1,2025-03-03 22:13:15,39
trashcan1,2025-03-03 22:13:29,39
trashcan1,2025-03-03 22:13:42,39
trashcan1,2025-03-03 22:13:55,39
trashcan1,2025-03-03 22:14:09,39
trashcan1,2025-03-03 22:14:22,39
trashcan1,2025-03-03 22:14:35,39
trashcan1,2025-03-03 22:14:49,100
trashcan1,2025-03-03 22:15:06,51
trashcan1,2025-03-03 22:15:20,50
trashcan1,2025-03-03 22:15:33,50
trashcan1,2025-03-03 22:15:46,50
trashcan1,2025-03-03 22:16:00,50
trashcan1,2025-03-03 22:16:13,50
trashcan1,2025-03-03 22:16:26,50
trashcan1,2025-03-03 22:16:40,51
trashcan1,2025-03-03 22:16:53,51
trashcan1,2025-03-03 22:17:06,51
trashcan1,2025-03-03 22:17:20,51
trashcan1,2025-03-03 22:17:33,51
trashcan1,2025-03-03 22:17:46,51
trashcan1,2025-03-03 22:18:00,51
trashcan1,2025-03-03 22:18:13,50
trashcan1,2025-03-03 22:18:26,51
trashcan1,2025-03-03 22:18:40,51
trashcan1,2025-03-03 22:18:53,51
trashcan1,2025-03-03 22:19:06,51
trashcan1,2025-03-03 22:19:20,51
trashcan1,2025-03-03 22:19:33,51
trashcan1,2025-03-03 22:19:46,51
trashcan1,2025-03-03 22:20:00,50
trashcan1,2025-03-03 22:20:13,51
trashcan1,2025-03-03 22:20:26,50
trashcan1,2025-03-03 22:20:40,48
trashcan1,2025-03-03 22:20:53,49
trashcan1,2025-03-03 22:21:06,48
trashcan1,2025-03-03 22:21:20,50
trashcan1,2025-03-03 22:21:33,47
trashcan1,2025-03-03 22:21:46,47
trashcan1,2025-03-03 22:22:00,47
trashcan1,2025-03-03 22:22:13,47
trashcan1,2025-03-03 22:22:26,47
trashcan1,2025-03-03 22:22:40,47
trashcan1,2025-03-03 22:22:53,47
trashcan1,2025-03-03 22:23:06,47
trashcan1,2025-03-03 22:23:20,47
trashcan1,2025-03-03 22:23:33,47
trashcan1,2025-03-03 22:23:46,47
trashcan1,2025-03-03 22:24:00,47
trashcan1,2025-03-03 22:24:13,48
trashcan1,2025-03-03 22:24:26,47
trashcan1,2025-03-03 22:24:40,47
trashcan1,2025-03-03 22:24:53,48
trashcan1,2025-03-03 22:25:07,47
trashcan1,2025-03-03 22:25:20,47
trashcan1,2025-03-03 22:25:33,49
trashcan1,2025-03-03 22:25:47,47
trashcan1,2025-03-03 22:26:00,47
trashcan1,2025-03-03 22:26:13,47
trashcan1,2025-03-03 22:26:27,47
trashcan1,2025-03-03 22:26:40,47
trashcan1,2025-03-03 22:26:53,47
trashcan1,2025-03-03 22:27:07,47
trashcan1,2025-03-03 22:27:20,47
trashcan1,2025-03-03 22:27:33,47
trashcan1,2025-03-03 22:27:47,47
trashcan1,2025-03-03 22:28:00,47
trashcan1,2025-03-03 22:28:13,47
trashcan1,2025-03-03 22:28:27,47
trashcan1,2025-03-03 22:28:40,47
trashcan1,2025-03-03 22:28:53,46
trashcan1,2025-03-03 22:29:07,46
trashcan1,2025-03-03 22:29:20,46
trashcan1,2025-03-03 22:29:33,47
trashcan1,2025-03-03 22:29:47,47
trashcan1,2025-03-03 22:30:00,47
trashcan1,2025-03-03 22:30:13,47
trashcan1,2025-03-03 22:30:27,47
trashcan1,2025-03-03 22:30:40,47
trashcan1,2025-03-03 22:30:53,45
trashcan1,2025-03-03 22:31:07,49
trashcan1,2025-03-03 22:31:20,47
trashcan1,2025-03-03 22:31:33,48
trashcan1,2025-03-03 22:31:47,54
trashcan1,2025-03-03 22:32:00,49
trashcan1,2025-03-03 22:32:13,48
trashcan1,2025-03-03 22:32:27,49
trashcan1,2025-03-03 22:32:40,47
trashcan1,2025-03-03 22:32:53,46
trashcan1,2025-03-03 22:33:07,46
trashcan1,2025-03-03 22:33:20,46
trashcan1,2025-03-03 22:33:33,47
trashcan1,2025-03-03 22:33:47,47
trashcan1,2025-03-03 22:34:00,50
trashcan1,2025-03-03 22:34:13,46
trashcan1,2025-03-03 22:34:27,46
trashcan1,2025-03-03 22:34:40,46
trashcan1,2025-03-03 22:34:53,46
trashcan1,2025-03-03 22:35:07,46
trashcan1,2025-03-03 22:35:20,50
trashcan1,2025-03-03 22:35:33,46
trashcan1,2025-03-03 22:35:47,46
trashcan1,2025-03-03 22:36:00,46
trashcan1,2025-03-03 22:36:13,46
trashcan1,2025-03-03 22:36:27,46
trashcan1,2025-03-03 22:36:40,46
trashcan1,2025-03-03 22:36:53,46
trashcan1,2025-03-03 22:37:07,49
trashcan1,2025-03-03 22:37:20,50
trashcan1,2025-03-03 22:37:33,55
trashcan1,2025-03-03 22:37:47,46
trashcan1,2025-03-03 22:38:00,47
trashcan1,2025-03-03 22:38:13,46
trashcan1,2025-03-03 22:38:27,47
trashcan1,2025-03-03 22:38:40,47
trashcan1,2025-03-03 22:38:53,46
trashcan1,2025-03-03 22:39:07,49
trashcan1,2025-03-03 22:39:20,45
trashcan1,2025-03-03 22:39:33,46
trashcan1,2025-03-03 22:39:47,49
trashcan1,2025-03-03 22:40:00,49
trashcan1,2025-03-03 22:40:13,49
trashcan1,2025-03-03 22:40:27,49
trashcan1,2025-03-03 22:40:40,50
trashcan1,2025-03-03 22:40:53,46
trashcan1,2025-03-03 22:41:07,51
trashcan1,2025-03-03 22:41:20,50
trashcan1,2025-03-03 22:41:33,47
trashcan1,2025-03-03 22:41:47,48
trashcan1,2025-03-03 22:42:00,49
trashcan1,2025-03-03 22:42:13,51
trashcan1,2025-03-03 22:42:27,48
trashcan1,2025-03-03 22:42:40,49
trashcan1,2025-03-03 22:42:53,46
trashcan1,2025-03-03 22:43:07,48
trashcan1,2025-03-03 22:43:20,46
trashcan1,2025-03-03 22:43:34,47
trashcan1,2025-03-03 22:43:47,48
trashcan1,2025-03-03 22:44:00,49
trashcan1,2025-03-03 22:44:14,49
trashcan1,2025-03-03 22:44:27,47
trashcan1,2025-03-03 22:44:40,48
trashcan1,2025-03-03 22:44:54,46
trashcan1,2025-03-03 22:45:07,48
trashcan1,2025-03-03 22:45:20,47
trashcan1,2025-03-03 22:45:34,46
trashcan1,2025-03-03 22:45:47,46
trashcan1,2025-03-03 22:46:00,46
trashcan1,2025-03-03 22:46:14,46
trashcan1,2025-03-03 22:46:27,45
trashcan1,2025-03-03 22:46:40,46
trashcan1,2025-03-03 22:46:54,46
trashcan1,2025-03-03 22:47:07,46
trashcan1,2025-03-03 22:47:20,45
trashcan1,2025-03-03 22:47:34,46
trashcan1,2025-03-03 22:47:47,46
trashcan1,2025-03-03 22:48:00,46
trashcan1,2025-03-03 22:48:14,46
trashcan1,2025-03-03 22:48:27,46
trashcan1,2025-03-03 22:48:40,46
trashcan1,2025-03-03 22:48:54,46
trashcan1,2025-03-03 22:49:07,46
trashcan1,2025-03-03 22:49:20,45
trashcan1,2025-03-03 22:49:34,46
trashcan1,2025-03-03 22:49:47,46
trashcan1,2025-03-03 22:50:00,46
trashcan1,2025-03-03 22:50:14,46
trashcan1,2025-03-03 22:50:27,46
trashcan1,2025-03-03 22:50:40,47
trashcan1,2025-03-03 22:50:54,46
trashcan1,2025-03-03 22:51:07,47
trashcan1,2025-03-03 22:51:20,47
trashcan1,2025-03-03 22:51:34,46
trashcan1,2025-03-03 22:51:47,46
trashcan1,2025-03-03 22:52:00,48
trashcan1,2025-03-03 22:52:14,47
trashcan1,2025-03-03 22:52:27,49
trashcan1,2025-03-03 22:52:40,47
trashcan1,2025-03-03 22:52:54,45
trashcan1,2025-03-03 22:53:07,45
trashcan1,2025-03-03 22:53:20,46
trashcan1,2025-03-03 22:53:34,47
trashcan1,2025-03-03 22:53:47,47
trashcan1,2025-03-03 22:54:00,45
trashcan1,2025-03-03 22:54:14,47
trashcan1,2025-03-03 22:54:27,48
trashcan1,2025-03-05 15:24:03,0
trashcan1,2025-03-05 15:24:17,0
trashcan1,2025-03-05 15:24:30,0
trashcan1,2025-03-05 15:24:43,0
trashcan1,2025-03-05 15:24:57,0
trashcan1,2025-03-05 15:25:10,0
trashcan1,2025-03-05 15:25:23,0
trashcan1,2025-03-05 15:25:36,0
trashcan1,2025-03-05 15:25:50,9
trashcan1,2025-03-05 15:26:03,9
trashcan1,2025-03-05 15:26:16,9
trashcan1,2025-03-05 15:26:30,0
trashcan1,2025-03-05 15:26:43,24
trashcan1,2025-03-05 15:26:56,24
trashcan1,2025-03-05 15:27:10,24
trashcan1,2025-03-05 15:27:23,64
trashcan1,2025-03-05 15:27:36,64
trashcan1,2025-03-05 15:27:50,64
trashcan1,2025-03-05 15:28:03,100
trashcan1,2025-03-05 15:29:41,100
trashcan1,2025-03-05 15:29:57,100
trashcan1,2025-03-05 15:30:15,67
trashcan1,2025-03-05 15:30:28,26
trashcan1,2025-03-05 15:30:41,0
trashcan1,2025-03-05 15:30:55,100
trashcan1,2025-03-05 15:31:11,100
trashcan1,2025-03-05 15:31:27,26
trashcan1,2025-03-05 15:31:40,28
trashcan1,2025-03-05 15:31:53,28
trashcan1,2025-03-05 15:32:07,28
trashcan1,2025-03-05 15:32:20,28
trashcan1,2025-03-05 15:32:34,28
trashcan1,2025-03-05 15:32:47,28
trashcan1,2025-03-05 15:33:00,28
trashcan1,2025-03-05 15:33:14,28
trashcan1,2025-03-05 15:33:27,28
trashcan1,2025-03-05 15:33:40,28
trashcan1,2025-03-05 15:33:54,28
trashcan1,2025-03-05 15:34:07,28
trashcan1,2025-03-05 15:34:20,28
trashcan1,2025-03-05 15:34:34,28
trashcan1,2025-03-05 15:34:47,28
trashcan1,2025-03-05 15:35:00,28
trashcan1,2025-03-05 15:35:14,28
trashcan1,2025-03-05 15:35:27,28
trashcan1,2025-03-05 15:35:40,28
trashcan1,2025-03-05 15:35:54,28
trashcan1,2025-03-05 15:36:07,28
trashcan1,2025-03-05 15:36:20,28
trashcan1,2025-03-05 15:36:34,28
trashcan1,2025-03-05 15:36:47,28
trashcan1,2025-03-05 15:37:00,28
trashcan1,2025-03-05 15:37:14,28
trashcan1,2025-03-05 15:37:27,28
trashcan1,2025-03-05 15:37:40,28
trashcan1,2025-03-05 15:37:54,28
trashcan1,2025-03-05 15:38:07,28
trashcan1,2025-03-05 15:38:21,28
trashcan1,2025-03-05 15:38:34,28
trashcan1,2025-03-05 15:38:47,28
trashcan1,2025-03-05 15:39:01,28
trashcan1,2025-03-05 15:39:14,28
trashcan1,2025-03-05 15:39:27,28
trashcan1,2025-03-05 15:39:41,28
trashcan1,2025-03-05 15:39:54,28
trashcan1,2025-03-05 15:40:07,28
trashcan1,2025-03-05 15:40:21,28
trashcan1,2025-03-05 15:40:34,28
trashcan1,2025-03-05 15:40:47,28
trashcan1,2025-03-05 15:41:01,27
trashcan1,2025-03-05 15:41:14,28
trashcan1,2025-03-05 15:41:27,28
trashcan1,2025-03-05 15:41:41,28
trashcan1,2025-03-05 15:41:54,28
trashcan1,2025-03-05 15:42:07,28
trashcan1,2025-03-05 15:42:21,28
trashcan1,2025-03-05 15:42:34,28
trashcan1,2025-03-05 15:42:47,28
trashcan1,2025-03-05 15:43:01,28
trashcan1,2025-03-05 15:43:14,28
trashcan1,2025-03-05 15:43:27,28
trashcan1,2025-03-05 15:43:41,28
trashcan1,2025-03-05 15:43:54,28
trashcan1,2025-03-05 15:44:07,28
trashcan1,2025-03-05 15:44:21,28
trashcan1,2025-03-05 15:44:34,28
trashcan1,2025-03-05 15:44:47,28
trashcan1,2025-03-05 15:45:01,28
trashcan1,2025-03-05 15:45:14,29
trashcan1,2025-03-05 15:45:27,28
trashcan1,2025-03-05 15:45:41,28
trashcan1,2025-03-05 15:45:54,28
trashcan1,2025-03-05 15:46:08,28
trashcan1,2025-03-05 15:46:21,28
trashcan1,2025-03-05 15:46:34,28
trashcan1,2025-03-05 15:46:48,28
trashcan1,2025-03-05 15:47:01,28
trashcan1,2025-03-05 15:47:14,28
trashcan1,2025-03-05 15:47:28,28
trashcan1,2025-03-05 15:47:41,28
trashcan1,2025-03-05 15:47:54,28
trashcan1,2025-03-05 15:48:08,28
trashcan1,2025-03-05 15:48:21,28
trashcan1,2025-03-05 15:48:34,28
trashcan1,2025-03-05 15:48:48,28
trashcan1,2025-03-05 15:49:01,28
trashcan1,2025-03-05 15:49:14,28
trashcan1,2025-03-05 15:49:28,28
trashcan1,2025-03-05 15:49:41,28
trashcan1,2025-03-05 15:49:54,28
trashcan1,2025-03-05 15:50:08,28
trashcan1,2025-03-05 15:50:21,24
trashcan1,2025-03-05 15:50:34,28
trashcan1,2025-03-05 15:50:48,26
trashcan1,2025-03-05 15:51:01,28
trashcan1,2025-03-05 15:51:14,28
trashcan1,2025-03-05 15:51:28,28
trashcan1,2025-03-05 15:51:41,28
trashcan1,2025-03-05 15:51:54,28
trashcan1,2025-03-05 15:52:08,28
trashcan1,2025-03-05 15:52:21,28
trashcan1,2025-03-05 15:52:35,28
trashcan1,2025-03-05 15:52:48,28
trashcan1,2025-03-05 15:53:01,28
trashcan1,2025-03-05 15:53:15,28
trashcan1,2025-03-05 15:53:28,28
trashcan1,2025-03-05 15:53:41,28
trashcan1,2025-03-05 15:53:55,28
trashcan1,2025-03-05 15:54:08,28
trashcan1,2025-03-05 15:54:21,28
trashcan1,2025-03-05 15:54:35,28
trashcan1,2025-03-05 15:54:48,28
trashcan1,2025-03-05 15:55:01,28
trashcan1,2025-03-05 15:55:15,28
trashcan1,2025-03-05 15:55:28,28
trashcan1,2025-03-05 15:55:41,28
trashcan1,2025-03-05 15:55:55,28
trashcan1,2025-03-05 15:56:08,28
trashcan1,2025-03-05 15:56:21,28
trashcan1,2025-03-05 15:56:35,28
trashcan1,2025-03-05 15:56:48,28
trashcan1,2025-03-05 15:57:01,28
trashcan1,2025-03-05 15:57:15,28
trashcan1,2025-03-05 15:57:28,28
trashcan1,2025-03-05 15:57:42,28
trashcan1,2025-03-05 15:57:55,28
trashcan1,2025-03-05 15:58:08,28
trashcan1,2025-03-05 15:58:22,28
trashcan1,2025-03-05 15:58:35,28
trashcan1,2025-03-05 15:58:48,28
trashcan1,2025-03-05 15:59:02,28
trashcan1,2025-03-05 15:59:15,28
trashcan1,2025-03-05 15:59:28,28
trashcan1,2025-03-05 15:59:42,28
trashcan1,2025-03-05 15:59:55,28
trashcan1,2025-03-05 16:00:08,28
trashcan1,2025-03-05 16:00:22,28
trashcan1,2025-03-05 16:00:35,28
trashcan1,2025-03-05 16:00:48,28
trashcan1,2025-03-05 16:01:02,28
trashcan1,2025-03-05 16:01:15,28
trashcan1,2025-03-05 16:01:28,28
trashcan1,2025-03-05 16:01:42,28
trashcan1,2025-03-05 16:01:55,28
trashcan1,2025-03-05 16:02:08,28
trashcan1,2025-03-05 16:02:22,28
trashcan1,2025-03-05 16:02:35,28
trashcan1,2025-03-05 16:02:48,28
trashcan1,2025-03-05 16:03:02,28
trashcan1,2025-03-05 16:03:15,28
trashcan1,2025-03-05 16:03:28,28
trashcan1,2025-03-05 16:03:42,28
trashcan1,2025-03-05 16:03:55,28
trashcan1,2025-03-05 16:04:08,28
trashcan1,2025-03-05 16:04:22,28
trashcan1,2025-03-05 16:04:35,28
trashcan1,2025-03-05 16:04:48,28
trashcan1,2025-03-05 16:05:02,28
trashcan1,2025-03-05 16:05:15,28
trashcan1,2025-03-05 16:05:28,28
trashcan1,2025-03-05 16:05:42,28
trashcan1,2025-03-05 16:05:55,28
trashcan1,2025-03-05 16:06:09,28
trashcan1,2025-03-05 16:06:22,28
trashcan1,2025-03-05 16:06:35,29
trashcan1,2025-03-05 16:06:49,28
trashcan1,2025-03-05 16:07:02,28
trashcan1,2025-03-05 16:07:15,28
trashcan1,2025-03-05 16:07:29,28
trashcan1,2025-03-05 16:07:42,28
trashcan1,2025-03-05 16:07:55,28
trashcan1,2025-03-05 16:08:09,28
trashcan1,2025-03-05 16:08:22,28
trashcan1,2025-03-05 16:08:35,28
trashcan1,2025-03-05 16:08:49,28
trashcan1,2025-03-05 16:09:02,28
trashcan1,2025-03-05 16:09:15,28
trashcan1,2025-03-05 16:09:29,28
trashcan1,2025-03-05 16:09:42,28
trashcan1,2025-03-05 16:09:55,28
trashcan1,2025-03-05 16:10:09,28
trashcan1,2025-03-05 16:10:22,28
trashcan1,2025-03-05 16:10:35,28
trashcan1,2025-03-05 16:10:49,28
trashcan1,2025-03-05 16:11:02,28
trashcan1,2025-03-05 16:11:15,28
trashcan1,2025-03-05 16:11:29,28
trashcan1,2025-03-05 16:11:42,28
trashcan1,2025-03-05 16:11:55,28
trashcan1,2025-03-05 16:12:09,28
trashcan1,2025-03-05 16:12:22,28
trashcan1,2025-03-05 16:12:35,28
trashcan1,2025-03-05 16:12:49,28
trashcan1,2025-03-05 16:13:02,28
trashcan1,2025-03-05 16:13:15,28
trashcan1,2025-03-05 16:13:29,28
trashcan1,2025-03-05 16:13:42,28
trashcan1,2025-03-05 16:13:55,28
trashcan1,2025-03-05 16:14:09,28
trashcan1,2025-03-05 16:14:22,28
trashcan1,2025-03-05 16:14:35,28
trashcan1,2025-03-05 16:14:49,28
trashcan1,2025-03-05 16:15:02,28
trashcan1,2025-03-05 16:15:15,28
trashcan1,2025-03-05 16:15:29,28
trashcan1,2025-03-05 16:15:42,28
trashcan1,2025-03-05 16:15:55,28
trashcan1,2025-03-05 16:16:09,28
trashcan1,2025-03-05 16:16:22,29
trashcan1,2025-03-05 16:16:35,30
trashcan1,2025-03-05 16:16:49,30
trashcan1,2025-03-05 16:17:02,30
trashcan1,2025-03-05 16:17:16,30
trashcan1,2025-03-05 16:17:29,29
trashcan1,2025-03-05 16:17:42,30
trashcan1,2025-03-05 16:17:56,29
trashcan1,2025-03-05 16:18:09,30
trashcan1,2025-03-05 16:18:22,30
trashcan1,2025-03-05 16:18:36,30
trashcan1,2025-03-05 16:18:49,30
trashcan1,2025-03-05 16:19:02,29
trashcan1,2025-03-05 16:19:16,30
trashcan1,2025-03-05 16:19:29,30
trashcan1,2025-03-05 16:19:42,30
trashcan1,2025-03-05 16:19:56,30
trashcan1,2025-03-05 16:20:09,30
trashcan1,2025-03-05 16:20:22,30
trashcan1,2025-03-05 16:20:36,30
trashcan1,2025-03-05 16:20:49,30
trashcan1,2025-03-05 16:21:02,30
trashcan1,2025-03-05 16:21:16,30
trashcan1,2025-03-05 16:21:29,30
trashcan1,2025-03-05 16:21:42,30
trashcan1,2025-03-05 16:21:56,30
trashcan1,2025-03-05 16:22:09,30
trashcan1,2025-03-05 16:22:22,30
trashcan1,2025-03-05 16:22:36,30
trashcan1,2025-03-05 16:22:49,30
trashcan1,2025-03-05 16:23:02,30
trashcan1,2025-03-05 16:23:16,30
trashcan1,2025-03-05 16:23:29,30
trashcan1,2025-03-05 16:23:43,30
trashcan1,2025-03-05 16:23:56,30
trashcan1,2025-03-05 16:24:09,30
trashcan1,2025-03-05 16:24:23,30
trashcan1,2025-03-05 16:24:36,29
trashcan1,2025-03-05 16:24:49,30
trashcan1,2025-03-05 16:25:03,30
trashcan1,2025-03-05 16:25:16,30
trashcan1,2025-03-05 16:25:29,30
trashcan1,2025-03-05 16:25:43,30
trashcan1,2025-03-05 16:25:56,30
trashcan1,2025-03-05 16:26:09,30
trashcan1,2025-03-05 16:26:23,30
trashcan1,2025-03-05 16:26:36,30
trashcan1,2025-03-05 16:26:49,30
trashcan1,2025-03-05 16:27:03,30
trashcan1,2025-03-05 16:27:16,30
trashcan1,2025-03-05 16:27:29,30
trashcan1,2025-03-05 16:27:43,30
trashcan1,2025-03-05 16:27:56,30
trashcan1,2025-03-05 16:28:09,30
trashcan1,2025-03-05 16:28:23,30
trashcan1,2025-03-05 16:28:36,30
trashcan1,2025-03-05 16:28:49,30
trashcan1,2025-03-05 16:29:03,30
trashcan1,2025-03-05 16:29:16,30
trashcan1,2025-03-05 16:29:29,30
trashcan1,2025-03-05 16:29:43,30
trashcan1,2025-03-05 16:29:56,30
trashcan1,2025-03-05 16:30:09,30
trashcan1,2025-03-05 16:30:23,30
trashcan1,2025-03-05 16:30:36,30
trashcan1,2025-03-05 16:30:49,30
trashcan1,2025-03-05 16:31:03,30
trashcan1,2025-03-05 16:31:16,30
trashcan1,2025-03-05 16:31:29,30
trashcan1,2025-03-05 16:31:43,30
trashcan1,2025-03-05 16:31:56,30
trashcan1,2025-03-05 16:32:10,30
trashcan1,2025-03-05 16:32:23,30
trashcan1,2025-03-05 16:32:36,30
trashcan1,2025-03-05 16:32:50,30
trashcan1,2025-03-05 16:33:03,30
trashcan1,2025-03-05 16:33:16,31
trashcan1,2025-03-05 16:33:30,30
trashcan1,2025-03-05 16:33:43,30
trashcan1,2025-03-05 16:33:56,30
trashcan1,2025-03-05 16:34:10,30
trashcan1,2025-03-05 16:34:23,30
trashcan1,2025-03-05 16:34:36,30
trashcan1,2025-03-05 16:34:50,30
trashcan1,2025-03-05 16:35:03,30
trashcan1,2025-03-05 16:35:16,30
trashcan1,2025-03-05 16:35:30,30
trashcan1,2025-03-05 16:35:43,30
trashcan1,2025-03-05 16:35:56,29
trashcan1,2025-03-05 16:36:10,30
trashcan1,2025-03-05 16:36:23,30
trashcan1,2025-03-05 16:36:36,30
trashcan1,2025-03-05 16:36:50,30
trashcan1,2025-03-05 16:37:03,30
trashcan1,2025-03-05 16:37:16,30
trashcan1,2025-03-05 16:37:30,30
trashcan1,2025-03-05 16:37:43,30
trashcan1,2025-03-05 16:37:56,30
trashcan1,2025-03-05 16:38:10,30
trashcan1,2025-03-05 16:38:23,30
trashcan1,2025-03-05 16:38:36,30
trashcan1,2025-03-05 16:38:50,30
trashcan1,2025-03-05 16:39:03,30
trashcan1,2025-03-05 16:39:16,30
trashcan1,2025-03-05 16:39:30,30
trashcan1,2025-03-05 16:39:43,30
trashcan1,2025-03-05 16:39:56,30
trashcan1,2025-03-05 16:40:10,30
trashcan1,2025-03-05 16:40:23,30
trashcan1,2025-03-05 16:40:37,30
trashcan1,2025-03-05 16:40:50,30
trashcan1,2025-03-05 16:41:03,30
trashcan1,2025-03-05 16:41:17,30
trashcan1,2025-03-05 16:41:30,30
trashcan1,2025-03-05 16:41:43,30
trashcan1,2025-03-05 16:41:57,30
trashcan1,2025-03-05 16:42:10,30
trashcan1,2025-03-05 16:42:23,30
trashcan1,2025-03-05 16:42:37,30
trashcan1,2025-03-05 16:42:50,30
trashcan1,2025-03-05 16:43:03,30
trashcan1,2025-03-05 16:43:17,30
trashcan1,2025-03-05 16:43:30,30
trashcan1,2025-03-05 16:43:43,30
trashcan1,2025-03-05 16:43:57,30
trashcan1,2025-03-05 16:44:10,30
trashcan1,2025-03-05 16:44:23,30
trashcan1,2025-03-05 16:44:37,30
trashcan1,2025-03-05 16:44:50,30
trashcan1,2025-03-05 16:45:03,30
trashcan1,2025-03-05 16:45:17,30
trashcan1,2025-03-05 16:45:30,30
trashcan1,2025-03-05 16:45:43,30
trashcan1,2025-03-05 16:45:57,30
trashcan1,2025-03-05 16:46:10,30
trashcan1,2025-03-05 16:46:23,30
trashcan1,2025-03-05 16:46:37,30
trashcan1,2025-03-05 16:46:50,30
trashcan1,2025-03-05 16:47:04,30
trashcan1,2025-03-05 16:47:17,30
trashcan1,2025-03-05 16:47:30,30
trashcan1,2025-03-05 16:47:44,30
trashcan1,2025-03-05 16:47:57,30
trashcan1,2025-03-05 16:48:10,30
trashcan1,2025-03-05 16:48:24,30
trashcan1,2025-03-05 16:48:37,30
trashcan1,2025-03-05 16:48:50,30
trashcan1,2025-03-05 16:49:04,30
trashcan1,2025-03-05 16:49:17,30
trashcan1,2025-03-05 16:49:30,30
trashcan1,2025-03-05 16:49:44,30
trashcan1,2025-03-05 16:49:57,30
trashcan1,2025-03-05 16:50:10,30
trashcan1,2025-03-05 16:50:24,31
trashcan1,2025-03-05 16:50:37,30
trashcan1,2025-03-05 16:50:50,30
trashcan1,2025-03-05 16:51:04,30
trashcan1,2025-03-05 16:51:17,30
trashcan1,2025-03-05 16:51:30,30
trashcan1,2025-03-05 16:51:44,30
trashcan1,2025-03-05 16:51:57,30
trashcan1,2025-03-05 16:52:10,30
trashcan1,2025-03-05 16:52:24,30
trashcan1,2025-03-05 16:52:37,30
trashcan1,2025-03-05 16:52:50,30
trashcan1,2025-03-05 16:53:04,30
trashcan1,2025-03-05 16:53:17,30
trashcan1,2025-03-05 16:53:30,30
trashcan1,2025-03-05 16:53:44,30
trashcan1,2025-03-05 16:53:57,30
trashcan1,2025-03-05 16:54:11,30
trashcan1,2025-03-05 16:54:24,30
trashcan1,2025-03-05 16:54:37,30
trashcan1,2025-03-05 16:54:51,30
trashcan1,2025-03-05 16:55:04,30
trashcan1,2025-03-05 16:55:17,30
trashcan1,2025-03-05 16:55:31,30
trashcan1,2025-03-05 16:55:44,30
trashcan1,2025-03-05 16:55:57,30
trashcan1,2025-03-05 16:56:11,30
trashcan1,2025-03-05 16:56:24,30
trashcan1,2025-03-05 16:56:37,30
trashcan1,2025-03-05 16:56:51,30
trashcan1,2025-03-05 16:57:04,30
trashcan1,2025-03-05 16:57:17,30
trashcan1,2025-03-05 16:57:31,30
trashcan1,2025-03-05 16:57:44,30
trashcan1,2025-03-05 16:57:57,30
trashcan1,2025-03-05 16:58:11,30
trashcan1,2025-03-05 16:58:24,30
trashcan1,2025-03-05 16:58:37,30
trashcan1,2025-03-05 16:58:51,30
trashcan1,2025-03-05 16:59:04,30
trashcan1,2025-03-05 16:59:17,30
trashcan1,2025-03-05 16:59:31,30
trashcan1,2025-03-05 16:59:44,29
trashcan1,2025-03-05 16:59:57,30
trashcan1,2025-03-05 17:00:11,30
trashcan1,2025-03-05 17:00:24,30
trashcan1,2025-03-05 17:00:38,30
trashcan1,2025-03-05 17:00:51,30
trashcan1,2025-03-05 17:01:04,30
trashcan1,2025-03-05 17:01:18,30
trashcan1,2025-03-05 17:01:31,30
trashcan1,2025-03-05 17:01:44,30
trashcan1,2025-03-05 17:01:58,30
trashcan1,2025-03-05 17:02:11,30
trashcan1,2025-03-05 17:02:24,30
trashcan1,2025-03-05 17:02:38,30
trashcan1,2025-03-05 17:02:51,30
trashcan1,2025-03-05 17:03:04,30
trashcan1,2025-03-05 17:03:18,29
trashcan1,2025-03-05 17:03:31,29
trashcan1,2025-03-05 17:03:44,30
trashcan1,2025-03-05 17:03:58,30
trashcan1,2025-03-05 17:04:11,30
trashcan1,2025-03-05 17:04:24,30
trashcan1,2025-03-05 17:04:38,30
trashcan1,2025-03-05 17:04:51,30
trashcan1,2025-03-05 17:05:04,30
trashcan1,2025-03-05 17:05:18,30
trashcan1,2025-03-05 17:05:31,30
trashcan1,2025-03-05 17:05:44,30
trashcan1,2025-03-05 17:05:58,30
trashcan1,2025-03-05 17:06:11,30
trashcan1,2025-03-05 17:06:24,30
trashcan1,2025-03-05 17:06:38,30
trashcan1,2025-03-05 17:06:51,30
trashcan1,2025-03-05 17:07:05,30
trashcan1,2025-03-05 17:07:18,30
trashcan1,2025-03-05 17:07:31,30
trashcan1,2025-03-05 17:07:45,30
trashcan1,2025-03-05 17:07:58,30
trashcan1,2025-03-05 17:08:11,30
trashcan1,2025-03-05 17:08:25,30
trashcan1,2025-03-05 17:08:38,30
trashcan1,2025-03-05 17:08:51,30
trashcan1,2025-03-05 17:09:05,30
trashcan1,2025-03-05 17:09:18,23
trashcan1,2025-03-05 17:09:31,0
trashcan1,2025-03-05 17:09:45,26
trashcan1,2025-03-05 17:09:58,100
trashcan1,2025-03-05 17:10:22,100
trashcan1,2025-03-05 17:10:40,0
trashcan1,2025-03-05 17:10:54,0
trashcan1,2025-03-05 17:11:07,0
trashcan1,2025-03-05 17:11:20,0
trashcan1,2025-03-05 17:11:33,0
